{
  "scenarios": [
    "Easy",
    "Medium",
    "Hard"
  ],
  "naive_scores": [
    6.100000000000001,
    6.100000000000001,
    6.100000000000001
  ],
  "adaptive_scores": [
    9.04,
    9.025,
    9.030000000000001
  ]
}